episode,timestep,s1,s2,s3,s4,s5,g_s,rb_x,rb_y,rb_z,a1,a2,a3,a4,a5,g_a,ns1,ns2,ns3,ns4,ns5,ng_s,nrb_x,nrb_y,nrb_z,jp_x,jp_y,jp_z,bp_x,bp_y,bp_z,distance,reward,done
0,0,-0.01447403430938704,-0.08994328960915653,-0.2941130395782086,1.175587654467061,1.4373494387725576,0.0,-0.05373210883014873,0.20404853216082222,-0.1876848677181563,-0.18908506631851196,-0.6795945167541504,-0.39273256063461304,-0.27540621161460876,-0.13269205391407013,0.8838236331939697,-0.01447403430938704,-0.08994328960915653,-0.2941130395782086,1.175587654467061,1.4373494387725576,0.0,0.12798917924085013,0.2169548952564714,-0.4335985503103197,0.0720108207591499,-0.016954895256471394,0.4335985503103197,0.2,0.2,0.0,0.5014562387783242,0.0,False
0,1,-0.01447403430938704,-0.08994328960915653,-0.2941130395782086,1.175587654467061,1.4373494387725576,0.0,0.12798917924085013,0.2169548952564714,-0.4335985503103197,0.3376268446445465,0.8973620533943176,0.850573718547821,-0.25166240334510803,-0.9192428588867188,0.779914379119873,-0.20420944560493212,-0.7261812120106435,-0.7210419063019943,0.8558626969324397,1.5981565775230373,0.0,0.12798917924085013,0.2169548952564714,-0.4335985503103197,0.0720108207591499,-0.016954895256471394,0.4335985503103197,0.2,0.2,0.0,0.5014562387783242,-0.2807281193891621,False
0,2,-0.20420944560493212,-0.7261812120106435,-0.7210419063019943,0.8558626969324397,1.5981565775230373,0.0,0.12798917924085013,0.2169548952564714,-0.4335985503103197,-0.48580408096313477,0.1408618837594986,-0.8140654563903809,0.2805449664592743,0.8953232765197754,0.901930570602417,-0.20383548984309557,-0.7094871664674087,-0.7175185828365309,0.8576325369364175,1.5996844312911547,0.0,0.13377981037877323,0.21593486711179657,-0.4355600329144711,0.06622018962122678,-0.015934867111796553,0.4355600329144711,0.2,0.2,0.0,0.5042196413984931,-0.3097438469009348,False
0,3,-0.20383548984309557,-0.7094871664674087,-0.7175185828365309,0.8576325369364175,1.5996844312911547,0.0,0.13377981037877323,0.21593486711179657,-0.4355600329144711,-0.5830343961715698,-0.36909985542297363,0.5366232395172119,0.8246734738349915,-0.85865718126297,-0.7050862312316895,-0.2109754606574106,-0.7026380458708138,-0.7191481185445243,0.8681792504669477,1.6060535162709222,0.0,0.1286560711506758,0.21741465426213857,-0.43436187082486954,0.07134392884932421,-0.017414654262138576,0.43436187082486954,0.2,0.2,0.0,0.5024855732837846,-0.26390210549480786,False
0,4,-0.2109754606574106,-0.7026380458708138,-0.7191481185445243,0.8681792504669477,1.6060535162709222,0.0,0.1286560711506758,0.21741465426213857,-0.43436187082486954,-0.9860696196556091,-0.8247482180595398,-0.9678333401679993,0.7205334901809692,0.6830090880393982,0.8154959678649902,-0.22233865672564615,-0.7096512757978078,-0.7071987004654542,0.8840605447126577,1.5987573334901826,0.0,0.12500411799179062,0.21931800729048556,-0.43002823367162346,0.0749958820082094,-0.019318007290485557,0.43002823367162346,0.2,0.2,0.0,0.4986488740501791,-0.24095744468903432,False
0,5,-0.22233865672564615,-0.7096512757978078,-0.7071987004654542,0.8840605447126577,1.5987573334901826,0.0,0.12500411799179062,0.21931800729048556,-0.43002823367162346,-0.6033551692962646,0.19953018426895142,0.16639013588428497,-0.3613234758377075,0.4409996569156647,-0.2929394245147705,-0.2347057554334051,-0.7325404634611904,-0.7215987004589568,0.8963514322878303,1.607872321347119,0.0,0.12500411799179062,0.21931800729048556,-0.43002823367162346,0.0749958820082094,-0.019318007290485557,0.43002823367162346,0.2,0.2,0.0,0.4986488740501791,-0.2793244370250896,False
0,6,-0.2347057554334051,-0.7325404634611904,-0.7215987004589568,0.8963514322878303,1.607872321347119,0.0,0.12500411799179062,0.21931800729048556,-0.43002823367162346,-0.2569107413291931,-0.7615135908126831,-0.9551007747650146,-0.7090659737586975,-0.9008506536483765,0.8345856070518494,-0.23942693652476577,-0.7240377181955219,-0.7116224268675411,0.8935039989417797,1.6120902144349083,0.0,0.13528625683088788,0.21816454576837027,-0.43248643139672427,0.06471374316911213,-0.018164545768370257,0.43248643139672427,0.2,0.2,0.0,0.5029340450396113,-0.3243187324141271,False
0,7,-0.23942693652476577,-0.7240377181955219,-0.7116224268675411,0.8935039989417797,1.6120902144349083,0.0,0.13528625683088788,0.21816454576837027,-0.43248643139672427,0.001778317615389824,-0.5635825395584106,-0.7966237664222717,0.23764687776565552,-0.9320544004440308,0.9550895690917969,-0.2402367408436821,-0.7347112086449736,-0.7299837758815524,0.8876548533118597,1.6067654755518561,0.0,0.13866806799934828,0.2177412671180961,-0.4346372389306119,0.061331932000651734,-0.01774126711809608,0.4346372389306119,0.2,0.2,0.0,0.5055191608179573,-0.30861073819243945,False
0,8,-0.2402367408436821,-0.7347112086449736,-0.7299837758815524,0.8876548533118597,1.6067654755518561,0.0,0.13866806799934828,0.2177412671180961,-0.4346372389306119,0.9194990992546082,0.9605265855789185,0.7337677478790283,-0.437504380941391,0.6436068415641785,0.840981662273407,-0.2336844042561998,-0.734799388286011,-0.7381879176295228,0.8927230776872492,1.6010187923912125,0.0,0.1406966407891707,0.2167443375264044,-0.43529957185630663,0.059303359210829285,-0.01674433752640439,0.43529957185630663,0.2,0.2,0.0,0.5062206730640312,-0.290125458992754,False
0,9,-0.2336844042561998,-0.734799388286011,-0.7381879176295228,0.8927230776872492,1.6010187923912125,0.0,0.1406966407891707,0.2167443375264044,-0.43529957185630663,-0.060092877596616745,-0.17679421603679657,0.6827499270439148,0.45193397998809814,-0.8917964696884155,0.8697768449783325,-0.2336844042561998,-0.734799388286011,-0.7381879176295228,0.8927230776872492,1.6010187923912125,0.0,0.1406966407891707,0.2167443375264044,-0.43529957185630663,0.059303359210829285,-0.01674433752640439,0.43529957185630663,0.2,0.2,0.0,0.5062206730640312,-0.28311033653201556,False
0,10,-0.2336844042561998,-0.734799388286011,-0.7381879176295228,0.8927230776872492,1.6010187923912125,0.0,0.1406966407891707,0.2167443375264044,-0.43529957185630663,0.892532229423523,-0.5202642679214478,0.1389625370502472,-0.6519210338592529,-0.24182923138141632,-0.628374457359314,-0.2336844042561998,-0.734799388286011,-0.7381879176295228,0.8927230776872492,1.6010187923912125,0.0,0.13512199639406197,0.21350024237625345,-0.43363896069984553,0.06487800360593803,-0.01350024237625343,0.43363896069984553,0.2,0.2,0.0,0.5018795230342418,-0.2375282612192268,False
0,11,-0.2336844042561998,-0.734799388286011,-0.7381879176295228,0.8927230776872492,1.6010187923912125,0.0,0.13512199639406197,0.21350024237625345,-0.43363896069984553,-0.8442327380180359,-0.11785081773996353,0.7492942810058594,-0.6559925675392151,-0.993808388710022,0.6868966817855835,-0.2336844042561998,-0.734799388286011,-0.7381879176295228,0.8927230776872492,1.6010187923912125,0.0,0.1381254555106708,0.20984320442556265,-0.43437447774354454,0.06187454448932922,-0.009843204425562645,0.43437447774354454,0.2,0.2,0.0,0.5017907918830276,-0.28000808442937164,False
0,12,-0.2336844042561998,-0.734799388286011,-0.7381879176295228,0.8927230776872492,1.6010187923912125,0.0,0.1381254555106708,0.20984320442556265,-0.43437447774354454,-0.9791426062583923,0.6901054382324219,0.6130449771881104,-0.6540694236755371,0.5682103633880615,-0.33978593349456787,-0.2336844042561998,-0.734799388286011,-0.7381879176295228,0.8927230776872492,1.6010187923912125,0.0,0.1381254555106708,0.20984320442556265,-0.43437447774354454,0.06187454448932922,-0.009843204425562645,0.43437447774354454,0.2,0.2,0.0,0.5017907918830276,-0.2808953959415138,False
0,13,-0.2336844042561998,-0.734799388286011,-0.7381879176295228,0.8927230776872492,1.6010187923912125,0.0,0.1381254555106708,0.20984320442556265,-0.43437447774354454,0.562069296836853,-0.8918672800064087,-0.419622004032135,0.668938159942627,0.41866445541381836,-0.37706777453422546,-0.2336844042561998,-0.734799388286011,-0.7381879176295228,0.8927230776872492,1.6010187923912125,0.0,0.1381254555106708,0.20984320442556265,-0.43437447774354454,0.06187454448932922,-0.009843204425562645,0.43437447774354454,0.2,0.2,0.0,0.5017907918830276,-0.2808953959415138,False
0,14,-0.2336844042561998,-0.734799388286011,-0.7381879176295228,0.8927230776872492,1.6010187923912125,0.0,0.1381254555106708,0.20984320442556265,-0.43437447774354454,-0.5010377764701843,-0.9825026392936707,-0.8939544558525085,0.8675021529197693,0.19256591796875,-0.4210166037082672,-0.2336844042561998,-0.734799388286011,-0.7381879176295228,0.8927230776872492,1.6010187923912125,0.0,0.13523077641329137,0.21100547728560617,-0.43305392018756605,0.06476922358670864,-0.011005477285606174,0.43305392018756605,0.2,0.2,0.0,0.5003462522330779,-0.26572772961704283,False
0,15,-0.2336844042561998,-0.734799388286011,-0.7381879176295228,0.8927230776872492,1.6010187923912125,0.0,0.13523077641329137,0.21100547728560617,-0.43305392018756605,-0.9659910202026367,-0.947388768196106,0.5344475507736206,-0.4445858597755432,-0.37204068899154663,-0.7263733148574829,-0.2336844042561998,-0.734799388286011,-0.7381879176295228,0.8927230776872492,1.6010187923912125,0.0,0.13523077641329137,0.21100547728560617,-0.43305392018756605,0.06476922358670864,-0.011005477285606174,0.43305392018756605,0.2,0.2,0.0,0.5003462522330779,-0.280173126116539,False
0,16,-0.2336844042561998,-0.734799388286011,-0.7381879176295228,0.8927230776872492,1.6010187923912125,0.0,0.13523077641329137,0.21100547728560617,-0.43305392018756605,-0.940758466720581,-0.9905455708503723,0.49925369024276733,-0.7142828106880188,-0.8857306838035583,-0.413356751203537,-0.1330100498533472,-0.789991036018367,-0.6300286592915391,0.8078387876941977,1.6038888456263567,0.0,0.13523077641329137,0.21100547728560617,-0.43305392018756605,0.06476922358670864,-0.011005477285606174,0.43305392018756605,0.2,0.2,0.0,0.5003462522330779,-0.280173126116539,False
0,17,-0.1330100498533472,-0.789991036018367,-0.6300286592915391,0.8078387876941977,1.6038888456263567,0.0,0.13523077641329137,0.21100547728560617,-0.43305392018756605,-0.664336085319519,-0.9203199148178101,0.277668297290802,0.9212404489517212,-0.46013349294662476,0.06572212278842926,-0.1330100498533472,-0.789991036018367,-0.6300286592915391,0.8078387876941977,1.6038888456263567,0.0,0.14948524634643012,0.20968988001389352,-0.43570476559213456,0.050514753653569874,-0.009689880013893506,0.43570476559213456,0.2,0.2,0.0,0.5061169108172447,-0.3407650412502905,False
0,18,-0.1330100498533472,-0.789991036018367,-0.6300286592915391,0.8078387876941977,1.6038888456263567,0.0,0.14948524634643012,0.20968988001389352,-0.43570476559213456,-0.8492240309715271,-0.8528215885162354,-0.8623759150505066,0.7724062204360962,-0.781570315361023,0.42047810554504395,-0.1330100498533472,-0.789991036018367,-0.6300286592915391,0.8078387876941977,1.6038888456263567,0.0,0.15026571893683566,0.21033958999149427,-0.4331872598846406,0.04973428106316437,-0.010339589991494251,0.4331872598846406,0.2,0.2,0.0,0.5044538943568154,-0.26559678257411445,False
0,19,-0.1330100498533472,-0.789991036018367,-0.6300286592915391,0.8078387876941977,1.6038888456263567,0.0,0.15026571893683566,0.21033958999149427,-0.4331872598846406,0.5364383459091187,-0.3349272608757019,0.7076348066329956,-0.10363184660673141,-0.9901669025421143,0.38233253359794617,-0.15483508987129768,-0.8216458788422522,-0.632252684877297,0.8212061245621275,1.6031700838788003,0.0,0.15026571893683566,0.21033958999149427,-0.4331872598846406,0.04973428106316437,-0.010339589991494251,0.4331872598846406,0.2,0.2,0.0,0.5044538943568154,-0.2822269471784077,False
0,20,-0.15483508987129768,-0.8216458788422522,-0.632252684877297,0.8212061245621275,1.6031700838788003,0.0,0.15026571893683566,0.21033958999149427,-0.4331872598846406,0.30227044224739075,-0.3019476532936096,0.6283423900604248,0.9984132647514343,0.9664801359176636,0.09128821641206741,-0.15483508987129768,-0.8216458788422522,-0.632252684877297,0.8212061245621275,1.6031700838788003,0.0,0.11811626731832346,0.2121092449586621,-0.40619180769043683,0.08188373268167655,-0.012109244958662075,0.40619180769043683,0.2,0.2,0.0,0.47321619693008415,0.045768875802270625,False
0,21,-0.15483508987129768,-0.8216458788422522,-0.632252684877297,0.8212061245621275,1.6031700838788003,0.0,0.11811626731832346,0.2121092449586621,-0.40619180769043683,-0.7014621496200562,-0.9351335763931274,0.9229578971862793,-0.11006112396717072,0.6581852436065674,-0.09148290753364563,-0.12793678476367465,-0.8496208461226361,-0.46208827278780457,0.9235368965629287,1.6705970261959395,0.0,0.10698626794519812,0.21199336986748768,-0.39576256952942146,0.09301373205480189,-0.01199336986748768,0.39576256952942146,0.2,0.2,0.0,0.4615357644182575,-0.1439635570908622,False
0,22,-0.12793678476367465,-0.8496208461226361,-0.46208827278780457,0.9235368965629287,1.6705970261959395,0.0,0.10698626794519812,0.21199336986748768,-0.39576256952942146,-0.5963343381881714,0.02156468667089939,-0.2234238088130951,-0.6675065755844116,-0.16931279003620148,0.66204833984375,-0.11788318851592308,-0.8464634259312718,-0.41113754521225143,0.9440081007549737,1.694996466327993,0.0,0.08174226829809032,0.23069806010490945,-0.39825817498910454,0.11825773170190969,-0.030698060104909438,0.39825817498910454,0.2,0.2,0.0,0.4674537060590467,-0.3229062694374152,False
0,23,-0.11788318851592308,-0.8464634259312718,-0.41113754521225143,0.9440081007549737,1.694996466327993,0.0,0.08174226829809032,0.23069806010490945,-0.39825817498910454,-0.9534334540367126,-0.8611025214195251,0.2261090725660324,0.26105281710624695,0.4516921043395996,0.8252260684967041,-0.11788318851592308,-0.8464634259312718,-0.41113754521225143,0.9440081007549737,1.694996466327993,0.0,0.07811278905255638,0.2343690007716946,-0.3988398762304609,0.12188721094744363,-0.034369000771694594,0.3988398762304609,0.2,0.2,0.0,0.46915208963386396,-0.2815598805651047,False
0,24,-0.11788318851592308,-0.8464634259312718,-0.41113754521225143,0.9440081007549737,1.694996466327993,0.0,0.07811278905255638,0.2343690007716946,-0.3988398762304609,-0.8511708378791809,-0.8835932016372681,0.6297258138656616,0.7064961194992065,-0.8062489032745361,0.8431626558303833,-0.22586160124577187,-0.7355280796602092,-0.4403025783223501,0.8315285089805248,1.6828061599025192,0.0,0.07811278905255638,0.2343690007716946,-0.3988398762304609,0.12188721094744363,-0.034369000771694594,0.3988398762304609,0.2,0.2,0.0,0.46915208963386396,-0.264576044816932,False
0,25,-0.22586160124577187,-0.7355280796602092,-0.4403025783223501,0.8315285089805248,1.6828061599025192,0.0,0.07811278905255638,0.2343690007716946,-0.3988398762304609,0.13719962537288666,-0.6571866273880005,-0.9817566871643066,0.28793010115623474,-0.37127745151519775,-0.23751245439052582,-0.2664556070135467,-0.7275333544743475,-0.4393650495482072,0.8137593319082056,1.6838708156752944,0.0,0.08037325293080826,0.23577706259890646,-0.3971736282609596,0.11962674706919176,-0.03577706259890645,0.3971736282609596,0.2,0.2,0.0,0.46882573950288103,-0.2611493684416113,False
0,26,-0.2664556070135467,-0.7275333544743475,-0.4393650495482072,0.8137593319082056,1.6838708156752944,0.0,0.08037325293080826,0.23577706259890646,-0.3971736282609596,-0.502402126789093,-0.015563364140689373,0.8179346323013306,0.6075810194015503,-0.7285840511322021,0.6803112030029297,-0.26028640899135075,-0.7497306643894888,-0.45011296533107326,0.8255122072466781,1.6794153608027322,0.0,0.09153496168594814,0.23162445382295183,-0.4030892393068546,0.10846503831405187,-0.0316244538229518,0.4030892393068546,0.2,0.2,0.0,0.4738243046368637,-0.3168978036582586,False
0,27,-0.26028640899135075,-0.7497306643894888,-0.45011296533107326,0.8255122072466781,1.6794153608027322,0.0,0.09153496168594814,0.23162445382295183,-0.4030892393068546,-0.08745637536048889,0.9439406394958496,-0.14296582341194153,0.5506181716918945,-0.26113611459732056,-0.355429470539093,-0.2650369782978624,-0.7341231546258206,-0.4261095615780985,0.8411967208488208,1.6726833989028482,0.0,0.08268876544381641,0.23477264805355202,-0.39511209314854945,0.1173112345561836,-0.03477264805355202,0.39511209314854945,0.2,0.2,0.0,0.46697879433324113,-0.19503429413039486,False
0,28,-0.2650369782978624,-0.7341231546258206,-0.4261095615780985,0.8411967208488208,1.6726833989028482,0.0,0.08268876544381641,0.23477264805355202,-0.39511209314854945,0.20062826573848724,-0.5561364889144897,0.47668662667274475,-0.9631566405296326,-0.387287437915802,0.2588135898113251,-0.2622616151223472,-0.714923154626119,-0.4253966635351703,0.8594445616749965,1.669797191549149,0.0,0.07492469794819312,0.23643205866556474,-0.3892789357826355,0.1250753020518069,-0.036432058665564725,0.3892789357826355,0.2,0.2,0.0,0.4615754744042693,-0.2067545379124166,False
0,29,-0.2622616151223472,-0.714923154626119,-0.4253966635351703,0.8594445616749965,1.669797191549149,0.0,0.07492469794819312,0.23643205866556474,-0.3892789357826355,-0.19527454674243927,0.223183736205101,0.964228630065918,-0.8330618143081665,-0.6282157301902771,0.9830055236816406,-0.2603856844989951,-0.713547080985653,-0.40967161247055156,0.8512668092321014,1.6671973959718078,0.0,0.07492469794819312,0.23643205866556474,-0.3892789357826355,0.1250753020518069,-0.036432058665564725,0.3892789357826355,0.2,0.2,0.0,0.4615754744042693,-0.26078773720213466,False
0,30,-0.2603856844989951,-0.713547080985653,-0.40967161247055156,0.8512668092321014,1.6671973959718078,0.0,0.07492469794819312,0.23643205866556474,-0.3892789357826355,-0.9968018531799316,-0.44598767161369324,0.05079687014222145,0.6885532736778259,-0.23925016820430756,0.28478682041168213,-0.2603856844989951,-0.713547080985653,-0.40967161247055156,0.8512668092321014,1.6671973959718078,0.0,0.0654166727380591,0.24729575856673944,-0.373143933938869,0.13458332726194092,-0.04729575856673942,0.373143933938869,0.2,0.2,0.0,0.4524057125110076,-0.16450523732288638,False
0,31,-0.2603856844989951,-0.713547080985653,-0.40967161247055156,0.8512668092321014,1.6671973959718078,0.0,0.0654166727380591,0.24729575856673944,-0.373143933938869,0.10453286021947861,-0.41088417172431946,0.933303713798523,-0.6669454574584961,-0.5269990563392639,0.8033155798912048,-0.30005706554467526,-0.7056311129496625,-0.366753469109005,0.8729096211798142,1.6535883893779004,0.0,0.06796689521296762,0.25030287348360836,-0.3697472228937905,0.1320331047870324,-0.05030287348360836,0.3697472228937905,0.2,0.2,0.0,0.4516459190081453,-0.24822502447545006,False
0,32,-0.30005706554467526,-0.7056311129496625,-0.366753469109005,0.8729096211798142,1.6535883893779004,0.0,0.06796689521296762,0.25030287348360836,-0.3697472228937905,0.3891664445400238,-0.9224226474761963,-0.9549661874771118,0.5299527049064636,-0.33059996366500854,0.6319729089736938,-0.33905376048990904,-0.7413679949484169,-0.3434285182265399,0.9183372525369465,1.6477881323565666,0.0,0.06796689521296762,0.25030287348360836,-0.3697472228937905,0.1320331047870324,-0.05030287348360836,0.3697472228937905,0.2,0.2,0.0,0.4516459190081453,-0.25582295950407263,False
0,33,-0.33905376048990904,-0.7413679949484169,-0.3434285182265399,0.9183372525369465,1.6477881323565666,0.0,0.06796689521296762,0.25030287348360836,-0.3697472228937905,-0.9133480191230774,-0.9580522179603577,-0.004253764171153307,0.720305323600769,-0.7204163074493408,0.4190942049026489,-0.3345485775447733,-0.7669385639412092,-0.3513524563181184,0.9316560757344678,1.6439105527004432,0.0,0.07359511665465493,0.2478792824528998,-0.3725863706661171,0.12640488334534508,-0.0478792824528998,0.3725863706661171,0.2,0.2,0.0,0.45352065385263984,-0.2755076753712651,False
0,34,-0.3345485775447733,-0.7669385639412092,-0.3513524563181184,0.9316560757344678,1.6439105527004432,0.0,0.07359511665465493,0.2478792824528998,-0.3725863706661171,0.9684433341026306,-0.21252863109111786,-0.4932391047477722,0.33644846081733704,-0.9021748900413513,-0.9293332695960999,-0.33607212422640015,-0.7794522431633328,-0.3527001316394443,0.942724977420174,1.6365671405024997,0.0,0.08123271653200372,0.24627903320417016,-0.37452671560966433,0.1187672834679963,-0.04627903320417015,0.37452671560966433,0.2,0.2,0.0,0.4555462403933458,-0.27802898560373235,False
0,35,-0.33607212422640015,-0.7794522431633328,-0.3527001316394443,0.942724977420174,1.6365671405024997,0.0,0.08123271653200372,0.24627903320417016,-0.37452671560966433,-0.6144896745681763,-0.3288780748844147,0.49154746532440186,0.6267218589782715,0.48044896125793457,-0.17695827782154083,-0.32373103314854657,-0.7773352042888182,-0.3596519585426782,0.9546206453850095,1.6292299407727415,0.0,0.08205301767166874,0.24295971542072486,-0.3761824753471129,0.11794698232833127,-0.04295971542072485,0.3761824753471129,0.2,0.2,0.0,0.4552750550871726,-0.2549256744818542,False
0,36,-0.32373103314854657,-0.7773352042888182,-0.3596519585426782,0.9546206453850095,1.6292299407727415,0.0,0.08205301767166874,0.24295971542072486,-0.3761824753471129,0.40804970264434814,-0.7367925047874451,0.819719135761261,0.16351313889026642,-0.34906941652297974,-0.14790499210357666,-0.3247999647192298,-0.782730565967741,-0.3324793181953295,0.9639544285031926,1.6337288154795861,0.0,0.07827600073055067,0.24501873883943842,-0.36965533526142136,0.12172399926944934,-0.045018738839438396,0.36965533526142136,0.2,0.2,0.0,0.45034029528798764,-0.2058225496521443,False
0,37,-0.3247999647192298,-0.782730565967741,-0.3324793181953295,0.9639544285031926,1.6337288154795861,0.0,0.07827600073055067,0.24501873883943842,-0.36965533526142136,-0.5559493899345398,-0.9899619817733765,-0.67165207862854,-0.8961284160614014,-0.8338549733161926,-0.1779973953962326,-0.3184094679646342,-0.7983609813136315,-0.329204909712714,0.9615847797016404,1.6302173719105972,0.0,0.08145430944845806,0.24268387489002208,-0.3708895091448251,0.11854569055154195,-0.04268387489002206,0.3708895091448251,0.2,0.2,0.0,0.45065429727569484,-0.25846716851491947,False
0,38,-0.3184094679646342,-0.7983609813136315,-0.329204909712714,0.9615847797016404,1.6302173719105972,0.0,0.08145430944845806,0.24268387489002208,-0.3708895091448251,-0.4519557058811188,-0.1256091296672821,0.352094829082489,0.7874671816825867,-0.953011155128479,0.0995536595582962,-0.32661580094380493,-0.8104917550663743,-0.3510474802573674,0.9533561940719318,1.6184099624573438,0.0,0.08864001329632999,0.24145348245927806,-0.37753836109798855,0.11135998670367002,-0.04145348245927803,0.37753836109798855,0.2,0.2,0.0,0.4568282502751353,-0.32015365513197225,False
0,39,-0.32661580094380493,-0.8104917550663743,-0.3510474802573674,0.9533561940719318,1.6184099624573438,0.0,0.08864001329632999,0.24145348245927806,-0.37753836109798855,0.5967026948928833,0.1701437085866928,-0.026738379150629044,0.10587877035140991,0.6952805519104004,0.8616731762886047,-0.32457456367042964,-0.7993023969124147,-0.33053771348225464,0.9638180168211663,1.6177196961021443,0.0,0.07238675268315567,0.242234422539739,-0.3648568731221097,0.12761324731684434,-0.042234422539739,0.3648568731221097,0.2,0.2,0.0,0.4438895079764968,-0.12255733100186333,False
0,40,-0.32457456367042964,-0.7993023969124147,-0.33053771348225464,0.9638180168211663,1.6177196961021443,0.0,0.07238675268315567,0.242234422539739,-0.3648568731221097,0.8300168514251709,-0.8528512120246887,0.28152886033058167,-0.9819789528846741,-0.9307056665420532,0.8452827334403992,-0.32457456367042964,-0.7993023969124147,-0.33053771348225464,0.9638180168211663,1.6177196961021443,0.0,0.07053697789929125,0.2352781929171297,-0.36428379408637757,0.12946302210070876,-0.03527819291712969,0.36428379408637757,0.2,0.2,0.0,0.4393563200267882,-0.20434628051630827,False
0,41,-0.32457456367042964,-0.7993023969124147,-0.33053771348225464,0.9638180168211663,1.6177196961021443,0.0,0.07053697789929125,0.2352781929171297,-0.36428379408637757,-0.24385792016983032,-0.8984761238098145,0.14223696291446686,0.8466483950614929,0.8396700024604797,-0.538379430770874,-0.222532467081775,-0.8179204208575419,-0.26027632669583856,0.9159229850173022,1.610369869461279,0.0,0.07266251945822627,0.23126178390877827,-0.36588543484223046,0.12733748054177374,-0.031261783908778276,0.36588543484223046,0.2,0.2,0.0,0.4389009066524876,-0.24489631958323774,False
0,42,-0.222532467081775,-0.8179204208575419,-0.26027632669583856,0.9159229850173022,1.610369869461279,0.0,0.07266251945822627,0.23126178390877827,-0.36588543484223046,0.4095975160598755,0.7843322157859802,-0.7295624613761902,0.14535292983055115,-0.6920261383056641,-0.48556041717529297,-0.22028423336997766,-0.8151493601557072,-0.2653368879515323,0.9221410095537073,1.6122770100339252,0.0,0.07289723171194037,0.2309116664661961,-0.36565568851023267,0.12710276828805964,-0.030911666466196096,0.36565568851023267,0.2,0.2,0.0,0.4385638911736264,-0.24591179079820094,False
0,43,-0.22028423336997766,-0.8151493601557072,-0.2653368879515323,0.9221410095537073,1.6122770100339252,0.0,0.07289723171194037,0.2309116664661961,-0.36565568851023267,0.9580339193344116,0.020492129027843475,0.6095889806747437,0.36355650424957275,-0.16280081868171692,-0.4512907862663269,-0.2078349076014702,-0.8026191744690941,-0.26760406293612976,0.9271956212272555,1.6088327728606646,0.0,0.06683480879544665,0.22966844393408475,-0.36084225646389223,0.13316519120455336,-0.029668443934084743,0.36084225646389223,0.2,0.2,0.0,0.43292218683705863,-0.19004405005285188,False
0,44,-0.2078349076014702,-0.8026191744690941,-0.26760406293612976,0.9271956212272555,1.6088327728606646,0.0,0.06683480879544665,0.22966844393408475,-0.36084225646389223,0.35761913657188416,-0.9664214253425598,-0.6555964946746826,0.47176864743232727,0.3223233222961426,-0.4431031346321106,-0.19105294095016476,-0.796392413994393,-0.24552375503134857,0.9410270880228795,1.612030836249766,0.0,0.06683480879544665,0.22966844393408475,-0.36084225646389223,0.13316519120455336,-0.029668443934084743,0.36084225646389223,0.2,0.2,0.0,0.43292218683705863,-0.24646109341852931,False
0,45,-0.19105294095016476,-0.796392413994393,-0.24552375503134857,0.9410270880228795,1.612030836249766,0.0,0.06683480879544665,0.22966844393408475,-0.36084225646389223,0.4906136393547058,-0.7259519100189209,0.9716801047325134,0.534626305103302,0.07443518936634064,0.9367603063583374,-0.18039640925670697,-0.8137432411295564,-0.23691654025570344,0.9500103764643479,1.6156126724476152,0.0,0.06698304187670903,0.22747181788437681,-0.35876614380574523,0.13301695812329098,-0.02747181788437679,0.35876614380574523,0.2,0.2,0.0,0.43005034795001007,-0.21630678510451942,False
0,46,-0.18039640925670697,-0.8137432411295564,-0.23691654025570344,0.9500103764643479,1.6156126724476152,0.0,0.06698304187670903,0.22747181788437681,-0.35876614380574523,-0.9658265709877014,0.7571704983711243,-0.6791012287139893,-0.30715835094451904,-0.5868767499923706,0.8101600408554077,-0.17392109916403883,-0.8185432411287469,-0.23186950753071317,0.9609906607353561,1.6178812650141763,0.0,0.06739615780205901,0.22494717803918546,-0.35496169582917714,0.132603842197941,-0.024947178039185433,0.35496169582917714,0.2,0.2,0.0,0.4256069554180222,-0.1983695523891322,False
0,47,-0.17392109916403883,-0.8185432411287469,-0.23186950753071317,0.9609906607353561,1.6178812650141763,0.0,0.06739615780205901,0.22494717803918546,-0.35496169582917714,0.8468133807182312,-0.7222063541412354,-0.8560580015182495,0.30608701705932617,0.5250985622406006,0.2918259799480438,-0.1784274060982104,-0.8129998525332954,-0.249161254679089,0.9588451508078716,1.6169578427195408,0.0,0.06613832213814202,0.22686048551868804,-0.355851256337236,0.13386167786185799,-0.026860485518688013,0.355851256337236,0.2,0.2,0.0,0.4271651603089989,-0.2591646290642669,False
0,48,-0.1784274060982104,-0.8129998525332954,-0.249161254679089,0.9588451508078716,1.6169578427195408,0.0,0.06613832213814202,0.22686048551868804,-0.355851256337236,-0.9123411774635315,-0.764673113822937,-0.9352225661277771,-0.3157446086406708,0.11788798123598099,0.9766091704368591,-0.17162080753039152,-0.848689705696641,-0.27316125466572816,0.9646747102996156,1.6297325856786697,0.0,0.07739339747655434,0.2220622476135165,-0.36360171890667237,0.12260660252344567,-0.02206224761351648,0.36360171890667237,0.2,0.2,0.0,0.43302146572660505,-0.3050737870393637,False
0,49,-0.17162080753039152,-0.848689705696641,-0.27316125466572816,0.9646747102996156,1.6297325856786697,0.0,0.07739339747655434,0.2220622476135165,-0.36360171890667237,-0.09609560668468475,-0.9041044116020203,-0.9571952819824219,0.17794834077358246,0.2984347641468048,-0.11590515822172165,-0.18089959043469533,-0.8647410582277444,-0.2923612546554627,0.9625255096701395,1.6340647115864049,0.0,0.0869077684928176,0.22263971566189944,-0.3713440501675246,0.11309223150718241,-0.02263971566189944,0.3713440501675246,0.2,0.2,0.0,0.44160820509727133,-0.3366714962552986,False
0,50,-0.18089959043469533,-0.8647410582277444,-0.2923612546554627,0.9625255096701395,1.6340647115864049,0.0,0.0869077684928176,0.22263971566189944,-0.3713440501675246,0.9230589270591736,-0.9505286812782288,0.13628169894218445,0.1718704253435135,0.6424787044525146,0.7419908046722412,-0.18089959043469533,-0.8647410582277444,-0.2923612546554627,0.9625255096701395,1.6340647115864049,0.0,0.10224796713038821,0.21347217702817645,-0.3731135695892206,0.0977520328696118,-0.013472177028176432,0.3731135695892206,0.2,0.2,0.0,0.44185829511174307,-0.2534300477005889,False
0,51,-0.18089959043469533,-0.8647410582277444,-0.2923612546554627,0.9625255096701395,1.6340647115864049,0.0,0.10224796713038821,0.21347217702817645,-0.3731135695892206,0.785430908203125,0.19908113777637482,-0.10705151408910751,-0.6858968734741211,-0.9650547504425049,-0.8369820713996887,-0.14861678338629647,-0.9164931224605192,-0.27891839623847886,0.9755399150042631,1.663266940193314,0.0,0.10055600526644659,0.20883446490982924,-0.37100198974412146,0.09944399473355342,-0.008834464909829216,0.37100198974412146,0.2,0.2,0.0,0.4374537922151522,-0.2046818671416672,False
0,52,-0.14861678338629647,-0.9164931224605192,-0.27891839623847886,0.9755399150042631,1.663266940193314,0.0,0.10055600526644659,0.20883446490982924,-0.37100198974412146,0.8873828649520874,0.6382308006286621,0.8121963739395142,0.9359009861946106,-0.8213788270950317,-0.022621743381023407,-0.14861678338629647,-0.9164931224605192,-0.27891839623847886,0.9755399150042631,1.663266940193314,0.0,0.10055600526644659,0.20883446490982924,-0.37100198974412146,0.09944399473355342,-0.008834464909829216,0.37100198974412146,0.2,0.2,0.0,0.4374537922151522,-0.2487268961075761,False
0,53,-0.14861678338629647,-0.9164931224605192,-0.27891839623847886,0.9755399150042631,1.663266940193314,0.0,0.10055600526644659,0.20883446490982924,-0.37100198974412146,-0.3948271572589874,-0.7891967296600342,-0.7062817811965942,0.6007065176963806,-0.949386715888977,0.1312604695558548,-0.14861678338629647,-0.9164931224605192,-0.27891839623847886,0.9755399150042631,1.663266940193314,0.0,0.10055600526644659,0.20883446490982924,-0.37100198974412146,0.09944399473355342,-0.008834464909829216,0.37100198974412146,0.2,0.2,0.0,0.4374537922151522,-0.2487268961075761,False
0,54,-0.14861678338629647,-0.9164931224605192,-0.27891839623847886,0.9755399150042631,1.663266940193314,0.0,0.10055600526644659,0.20883446490982924,-0.37100198974412146,0.9690002202987671,-0.5805360078811646,-0.8853119015693665,0.7699016332626343,-0.5742306709289551,0.14296822249889374,-0.056636078043337715,-0.9129399417928042,-0.2515777250717127,0.9677415834706752,1.6738122691255046,0.0,0.09044801159287302,0.20718218735165367,-0.3687196402862468,0.10955198840712699,-0.007182187351653659,0.3687196402862468,0.2,0.2,0.0,0.4325037279489501,-0.19675122131245412,False
0,55,-0.056636078043337715,-0.9129399417928042,-0.2515777250717127,0.9677415834706752,1.6738122691255046,0.0,0.09044801159287302,0.20718218735165367,-0.3687196402862468,-0.5603013038635254,-0.9104682803153992,-0.3651275038719177,0.9707879424095154,-0.4426581561565399,-0.552941083908081,-0.050447015324647376,-0.9227332885164387,-0.2643883855263547,0.9820481848556648,1.669142621929726,0.0,0.09563154083123539,0.2052833018620938,-0.3715735901087982,0.10436845916876462,-0.005283301862093774,0.3715735901087982,0.2,0.2,0.0,0.4351477432912883,-0.2740140250690263,False
0,56,-0.050447015324647376,-0.9227332885164387,-0.2643883855263547,0.9820481848556648,1.669142621929726,0.0,0.09563154083123539,0.2052833018620938,-0.3715735901087982,-0.8281922936439514,-0.901187539100647,-0.6628372073173523,-0.012778634205460548,0.2238118201494217,-0.9039134979248047,-0.06762019344150785,-0.9562253871926866,-0.2831075739453566,0.9962654030507025,1.665964497486628,0.0,0.10731809785232616,0.20640622776343998,-0.3757236645921517,0.09268190214767386,-0.006406227763439961,0.3757236645921517,0.2,0.2,0.0,0.441915124340331,-0.31863137266059227,False
0,57,-0.06762019344150785,-0.9562253871926866,-0.2831075739453566,0.9962654030507025,1.665964497486628,0.0,0.10731809785232616,0.20640622776343998,-0.3757236645921517,0.877004086971283,-0.5215317010879517,0.9283143281936646,-0.38078823685646057,-0.6004799604415894,-0.34771525859832764,-0.07245219202035144,-0.9763495037151655,-0.2841741146167003,0.9938624445871492,1.6669539975328964,0.0,0.1164127222453349,0.20701797659900834,-0.3803345286403944,0.08358727775466511,-0.007017976599008319,0.3803345286403944,0.2,0.2,0.0,0.44840017641815,-0.3190506089872652,False
0,58,-0.07245219202035144,-0.9763495037151655,-0.2841741146167003,0.9938624445871492,1.6669539975328964,0.0,0.1164127222453349,0.20701797659900834,-0.3803345286403944,-0.9257237911224365,0.6432262659072876,-0.17495286464691162,-0.8795108199119568,-0.5034292340278625,-0.15099407732486725,-0.06362962535182712,-0.9725149657026015,-0.27098841549706765,0.9808231202373202,1.6593623046983266,0.0,0.11366555205086444,0.2057305425348822,-0.37867662856565043,0.08633444794913557,-0.005730542534882188,0.37867662856565043,0.2,0.2,0.0,0.44569148844977097,-0.22575886454109517,False
0,59,-0.06362962535182712,-0.9725149657026015,-0.27098841549706765,0.9808231202373202,1.6593623046983266,0.0,0.11366555205086444,0.2057305425348822,-0.37867662856565043,0.7500540018081665,0.8496924042701721,0.5047762393951416,0.7964349985122681,0.3158084452152252,0.31218719482421875,-0.06340105267293786,-0.9551445522589075,-0.2583380012925683,0.9835154880093894,1.6606109094910446,0.0,0.1053850254474376,0.20657715951322767,-0.3744370617978373,0.09461497455256242,-0.0065771595132276435,0.3744370617978373,0.2,0.2,0.0,0.44043528431417484,-0.1976556008011261,False
0,60,-0.06340105267293786,-0.9551445522589075,-0.2583380012925683,0.9835154880093894,1.6606109094910446,0.0,0.1053850254474376,0.20657715951322767,-0.3744370617978373,-0.4319361746311188,0.08064495772123337,-0.8962575197219849,-0.9512534141540527,0.469442754983902,0.9213546514511108,-0.06340105267293786,-0.9551445522589075,-0.2583380012925683,0.9835154880093894,1.6606109094910446,0.0,0.09115871950476008,0.21868191351898686,-0.39296356382169584,0.10884128049523993,-0.018681913518986834,0.39296356382169584,0.2,0.2,0.0,0.4588595143761554,-0.44367205780788344,False
0,61,-0.06340105267293786,-0.9551445522589075,-0.2583380012925683,0.9835154880093894,1.6606109094910446,0.0,0.09115871950476008,0.21868191351898686,-0.39296356382169584,-0.5013270378112793,-0.9143317341804504,-0.29456719756126404,0.5125271677970886,-0.5272844433784485,0.5245062112808228,-0.17368135015745234,-0.791953659159683,-0.39806509513896526,0.8368486745173013,1.7513992981262116,0.0,0.08982968700931993,0.2209182927272816,-0.3969679526355029,0.11017031299068009,-0.020918292727281594,0.3969679526355029,0.2,0.2,0.0,0.46309590815440393,-0.30391189185968726,False
0,62,-0.17368135015745234,-0.791953659159683,-0.39806509513896526,0.8368486745173013,1.7513992981262116,0.0,0.08982968700931993,0.2209182927272816,-0.3969679526355029,-0.9711931943893433,0.19482071697711945,-0.21979402005672455,0.5739519596099854,0.36828383803367615,-0.865672767162323,-0.1868838339635432,-0.7960966312998982,-0.4024956772809537,0.8509054605312205,1.7505154822896847,0.0,0.0935367302655462,0.2213938020869281,-0.3976975181725152,0.10646326973445382,-0.0213938020869281,0.3976975181725152,0.2,0.2,0.0,0.46468016040267257,-0.2781826026840226,False
0,63,-0.1868838339635432,-0.7960966312998982,-0.4024956772809537,0.8509054605312205,1.7505154822896847,0.0,0.0935367302655462,0.2213938020869281,-0.3976975181725152,-0.5943952798843384,-0.8964061141014099,-0.22531892359256744,-0.4659111201763153,-0.6811607480049133,-0.5491728782653809,-0.19905008826579795,-0.7923309859618242,-0.4058877426822521,0.8586769418393433,1.7513824998401335,0.0,0.09178162003301796,0.22380615616181843,-0.39607803560746324,0.10821837996698205,-0.0238061561618184,0.39607803560746324,0.2,0.2,0.0,0.46410222107040217,-0.25627171721249703,False
0,64,-0.19905008826579795,-0.7923309859618242,-0.4058877426822521,0.8586769418393433,1.7513824998401335,0.0,0.09178162003301796,0.22380615616181843,-0.39607803560746324,-0.9368115663528442,-0.8639664053916931,-0.24114349484443665,-0.7623997926712036,-0.48547613620758057,-0.6543232202529907,-0.2108589652110861,-0.808478699699683,-0.4097276140473774,0.8506047791487021,1.741404088890268,0.0,0.10942509942158875,0.224369640770883,-0.4067570173539986,0.09057490057841126,-0.02436964077088298,0.4067570173539986,0.2,0.2,0.0,0.4772492632260429,-0.4000950531694286,False
0,65,-0.2108589652110861,-0.808478699699683,-0.4097276140473774,0.8506047791487021,1.741404088890268,0.0,0.10942509942158875,0.224369640770883,-0.4067570173539986,-0.31105342507362366,0.38472387194633484,-0.9423815011978149,-0.6644556522369385,-0.9849904775619507,-0.5391324758529663,-0.2108589652110861,-0.808478699699683,-0.4097276140473774,0.8506047791487021,1.741404088890268,0.0,0.10942509942158875,0.224369640770883,-0.4067570173539986,0.09057490057841126,-0.02436964077088298,0.4067570173539986,0.2,0.2,0.0,0.4772492632260429,-0.2686246316130214,False
0,66,-0.2108589652110861,-0.808478699699683,-0.4097276140473774,0.8506047791487021,1.741404088890268,0.0,0.10942509942158875,0.224369640770883,-0.4067570173539986,0.5656369924545288,0.65021151304245,-0.4036921560764313,-0.28712892532348633,0.742113471031189,-0.4872654378414154,-0.2180993914891473,-0.8168046500388244,-0.41143200648808154,0.8451292485479909,1.7386677403091875,0.0,0.10942509942158875,0.224369640770883,-0.4067570173539986,0.09057490057841126,-0.02436964077088298,0.4067570173539986,0.2,0.2,0.0,0.4772492632260429,-0.2686246316130214,False
0,67,-0.2180993914891473,-0.8168046500388244,-0.41143200648808154,0.8451292485479909,1.7386677403091875,0.0,0.10942509942158875,0.224369640770883,-0.4067570173539986,0.9696467518806458,0.07674854248762131,-0.8160839676856995,-0.7938212156295776,0.1812634915113449,-0.8962200880050659,-0.25382741134822967,-0.853076997693336,-0.43433445037641966,0.798631570889273,1.7163065706656906,0.0,0.12009367831530855,0.2241388046991949,-0.4130231682170078,0.07990632168469146,-0.024138804699194896,0.4130231682170078,0.2,0.2,0.0,0.48502456930273063,-0.35026534541824283,False
0,68,-0.25382741134822967,-0.853076997693336,-0.43433445037641966,0.798631570889273,1.7163065706656906,0.0,0.12009367831530855,0.2241388046991949,-0.4130231682170078,-0.44100648164749146,-0.9831913709640503,-0.8588159084320068,-0.9260091185569763,0.6843923330307007,0.024539779871702194,-0.23998572461760592,-0.8418148011032327,-0.4512217491696327,0.7852218335494415,1.7197831764021791,0.0,0.11912000327542922,0.22271730330897646,-0.41539613304444434,0.08087999672457079,-0.02271730330897644,0.41539613304444434,0.2,0.2,0.0,0.48615483101768986,-0.28438003265843714,False
0,69,-0.23998572461760592,-0.8418148011032327,-0.4512217491696327,0.7852218335494415,1.7197831764021791,0.0,0.11912000327542922,0.22271730330897646,-0.41539613304444434,0.14279146492481232,-0.9000681638717651,0.3557496666908264,0.7529630661010742,-0.9223976135253906,-0.06286419183015823,-0.2399343352736703,-0.8591442764425791,-0.4567926139199949,0.787353297600208,1.7185913483406976,0.0,0.12627656117099673,0.22073139616270337,-0.4201695827650145,0.0737234388290033,-0.02073139616270335,0.4201695827650145,0.2,0.2,0.0,0.4911319552157395,-0.32533721958836603,False
0,70,-0.2399343352736703,-0.8591442764425791,-0.4567926139199949,0.787353297600208,1.7185913483406976,0.0,0.12627656117099673,0.22073139616270337,-0.4201695827650145,0.8892462253570557,0.9520731568336487,0.906513512134552,0.6080796718597412,-0.316008597612381,-0.15751972794532776,-0.2399343352736703,-0.8591442764425791,-0.4567926139199949,0.787353297600208,1.7185913483406976,0.0,0.05913401846009375,0.15490520086399923,-0.05094971007259263,0.14086598153990626,0.045094799136000785,0.05094971007259263,0.2,0.2,0.0,0.17345986956767812,3.0599909216967753,False
0,71,-0.2399343352736703,-0.8591442764425791,-0.4567926139199949,0.787353297600208,1.7185913483406976,0.0,0.05913401846009375,0.15490520086399923,-0.05094971007259263,-0.206769198179245,-0.2738890051841736,0.1491173803806305,-0.46729618310928345,-0.9187551736831665,-0.9684638381004333,-0.2399343352736703,-0.8591442764425791,-0.4567926139199949,0.787353297600208,1.7185913483406976,0.0,0.068619023219947,0.15591004214258894,-0.04098339856097104,0.131380976780053,0.04408995785741107,0.04098339856097104,0.2,0.2,0.0,0.17520316933825966,-0.1350345823749453,False
0,72,-0.2399343352736703,-0.8591442764425791,-0.4567926139199949,0.787353297600208,1.7185913483406976,0.0,0.068619023219947,0.15591004214258894,-0.04098339856097104,-0.9748654365539551,0.7039874792098999,-0.3128955662250519,-0.659024715423584,0.5430725812911987,0.2592666447162628,-0.2399343352736703,-0.8591442764425791,-0.4567926139199949,0.787353297600208,1.7185913483406976,0.0,0.068619023219947,0.15591004214258894,-0.04098339856097104,0.131380976780053,0.04408995785741107,0.04098339856097104,0.2,0.2,0.0,0.17520316933825966,-0.11760158466912983,False
0,73,-0.2399343352736703,-0.8591442764425791,-0.4567926139199949,0.787353297600208,1.7185913483406976,0.0,0.068619023219947,0.15591004214258894,-0.04098339856097104,-0.8730413913726807,0.200147807598114,-0.8572195768356323,-0.454878032207489,-0.05232556164264679,-0.5822436809539795,0.278167264924495,-0.31949680698416816,0.6259229063253541,1.2474884674804845,1.587966563577704,0.0,0.05860872408405843,0.15638149533297802,-0.04845094556482615,0.14139127591594158,0.04361850466702198,0.04845094556482615,0.2,0.2,0.0,0.17388976032954115,-0.10381079007758544,False
0,74,0.278167264924495,-0.31949680698416816,0.6259229063253541,1.2474884674804845,1.587966563577704,0.0,0.05860872408405843,0.15638149533297802,-0.04845094556482615,0.7360129952430725,-0.931573748588562,-0.020997008308768272,0.5182562470436096,0.3500710427761078,0.8273563981056213,0.26635352401555307,-0.32314700078469366,0.6052775442979507,1.2370922696101585,1.5928791554509574,0.0,0.05339234888032446,0.15689408178903574,-0.052318573483673886,0.14660765111967555,0.043105918210964274,0.052318573483673886,0.2,0.2,0.0,0.17379220048882948,-0.1159205018372981,False
0,75,0.26635352401555307,-0.32314700078469366,0.6052775442979507,1.2370922696101585,1.5928791554509574,0.0,0.05339234888032446,0.15689408178903574,-0.052318573483673886,-0.16431650519371033,-0.6500963568687439,0.3943577706813812,-0.6991531848907471,0.29283761978149414,0.6727581024169922,0.2727322493413441,-0.34910063727023843,0.5910226007025485,1.2410274121402993,1.6019182127643952,0.0,0.05339234888032446,0.15689408178903574,-0.052318573483673886,0.14660765111967555,0.043105918210964274,0.052318573483673886,0.2,0.2,0.0,0.17379220048882948,-0.11689610024441474,False
0,76,0.2727322493413441,-0.34910063727023843,0.5910226007025485,1.2410274121402993,1.6019182127643952,0.0,0.05339234888032446,0.15689408178903574,-0.052318573483673886,-0.7745054364204407,0.7301913499832153,0.29692089557647705,-0.4817928671836853,0.8491334915161133,0.3641381561756134,0.26218426396676714,-0.34372037117180193,0.5894929691507533,1.2321084735156238,1.6077460126623417,0.0,0.05019865755170344,0.15526588015938347,-0.059606278458581186,0.14980134244829657,0.04473411984061655,0.059606278458581186,0.2,0.2,0.0,0.17372480304591842,-0.11618842709384855,False
0,77,0.26218426396676714,-0.34372037117180193,0.5894929691507533,1.2321084735156238,1.6077460126623417,0.0,0.05019865755170344,0.15526588015938347,-0.059606278458581186,-0.4914792478084564,-0.4245690107345581,-0.18359337747097015,0.9317926168441772,0.8281370401382446,-0.2970823347568512,0.24464352758681407,-0.33205809379328355,0.5803971451578545,1.2209518818598668,1.6231100582617897,0.0,0.04778692741180002,0.157735963850649,-0.05731461880499854,0.1522130725882,0.04226403614935101,0.05731461880499854,0.2,0.2,0.0,0.17449696344669205,-0.12497008573108233,False
0,78,0.24464352758681407,-0.33205809379328355,0.5803971451578545,1.2209518818598668,1.6231100582617897,0.0,0.04778692741180002,0.157735963850649,-0.05731461880499854,-0.2655086815357208,-0.11745359748601913,0.48629236221313477,-0.3588888645172119,-0.11913515627384186,-0.4920828938484192,0.22869453423246083,-0.3496639230683835,0.5680949614705182,1.2272963977816878,1.6333068093707195,0.0,0.04439211154995412,0.16046592378016378,-0.06300581487397464,0.1556078884500459,0.03953407621983623,0.06300581487397464,0.2,0.2,0.0,0.17801602447650172,-0.15419862253634758,False
0,79,0.22869453423246083,-0.3496639230683835,0.5680949614705182,1.2272963977816878,1.6333068093707195,0.0,0.04439211154995412,0.16046592378016378,-0.06300581487397464,0.060754355043172836,-0.7049506902694702,-0.4225197434425354,-0.2904582619667053,-0.44450873136520386,0.5080691576004028,0.21549208540663356,-0.3558786783470659,0.5693835206339901,1.2136883566321928,1.633721982989729,0.0,0.04245360018118599,0.16286124462058468,-0.06316707348174053,0.15754639981881402,0.03713875537941533,0.06316707348174053,0.2,0.2,0.0,0.17976699457897583,-0.13739319831422894,False
0,80,0.21549208540663356,-0.3558786783470659,0.5693835206339901,1.2136883566321928,1.633721982989729,0.0,0.04245360018118599,0.16286124462058468,-0.06316707348174053,-0.8576266169548035,-0.44826987385749817,0.510083019733429,-0.6542192697525024,0.714790403842926,0.7398549318313599,0.21549208540663356,-0.3558786783470659,0.5693835206339901,1.2136883566321928,1.633721982989729,0.0,0.036476575666129774,0.16289209609513422,-0.07109386530706813,0.16352342433387024,0.03710790390486578,0.07109386530706813,0.2,0.2,0.0,0.1814351488187801,-0.1373991168074327,False
0,81,0.21549208540663356,-0.3558786783470659,0.5693835206339901,1.2136883566321928,1.633721982989729,0.0,0.036476575666129774,0.16289209609513422,-0.07109386530706813,-0.770733654499054,0.027630021795630455,-0.06734509766101837,-0.6953149437904358,-0.8066792488098145,-0.7522382736206055,0.21549208540663356,-0.3558786783470659,0.5693835206339901,1.2136883566321928,1.633721982989729,0.0,0.03387526424078938,0.16664622010369756,-0.07367621633706672,0.16612473575921063,0.033353779896302435,0.07367621633706672,0.2,0.2,0.0,0.1853285759292926,-0.16159855906977152,False
0,82,0.21549208540663356,-0.3558786783470659,0.5693835206339901,1.2136883566321928,1.633721982989729,0.0,0.03387526424078938,0.16664622010369756,-0.07367621633706672,-0.2679246962070465,-0.7525528073310852,0.3848896026611328,0.45099517703056335,-0.5510361194610596,-0.865814208984375,0.21549208540663356,-0.3558786783470659,0.5693835206339901,1.2136883566321928,1.633721982989729,0.0,0.03387526424078938,0.16664622010369756,-0.07367621633706672,0.16612473575921063,0.033353779896302435,0.07367621633706672,0.2,0.2,0.0,0.1853285759292926,-0.1226642879646463,False
0,83,0.21549208540663356,-0.3558786783470659,0.5693835206339901,1.2136883566321928,1.633721982989729,0.0,0.03387526424078938,0.16664622010369756,-0.07367621633706672,-0.39796093106269836,0.33304280042648315,-0.2881700098514557,0.8919790983200073,0.4013940691947937,0.5751981735229492,0.21549208540663356,-0.3558786783470659,0.5693835206339901,1.2136883566321928,1.633721982989729,0.0,0.03387526424078938,0.16664622010369756,-0.07367621633706672,0.16612473575921063,0.033353779896302435,0.07367621633706672,0.2,0.2,0.0,0.1853285759292926,-0.1226642879646463,False
0,84,0.21549208540663356,-0.3558786783470659,0.5693835206339901,1.2136883566321928,1.633721982989729,0.0,0.03387526424078938,0.16664622010369756,-0.07367621633706672,0.6212624907493591,-0.5850204229354858,-0.21662354469299316,0.699020504951477,0.2806076109409332,0.4168403744697571,0.21549208540663356,-0.3558786783470659,0.5693835206339901,1.2136883566321928,1.633721982989729,0.0,0.031869806023095526,0.16898252399078462,-0.07672179085921031,0.16813019397690449,0.031017476009215388,0.07672179085921031,0.2,0.2,0.0,0.1883003216749516,-0.15386761829406556,False
0,85,0.21549208540663356,-0.3558786783470659,0.5693835206339901,1.2136883566321928,1.633721982989729,0.0,0.031869806023095526,0.16898252399078462,-0.07672179085921031,-0.8618894815444946,0.6400731801986694,0.39908477663993835,0.2926521897315979,-0.348425030708313,0.025572549551725388,0.21549208540663356,-0.3558786783470659,0.5693835206339901,1.2136883566321928,1.633721982989729,0.0,0.031869806023095526,0.16898252399078462,-0.07672179085921031,0.16813019397690449,0.031017476009215388,0.07672179085921031,0.2,0.2,0.0,0.1883003216749516,-0.12415016083747579,False
0,86,0.21549208540663356,-0.3558786783470659,0.5693835206339901,1.2136883566321928,1.633721982989729,0.0,0.031869806023095526,0.16898252399078462,-0.07672179085921031,0.8057889938354492,-0.8069212436676025,0.7934620380401611,-0.37295418977737427,0.20676951110363007,-0.8508267998695374,0.21549208540663356,-0.3558786783470659,0.5693835206339901,1.2136883566321928,1.633721982989729,0.0,0.031869806023095526,0.16898252399078462,-0.07672179085921031,0.16813019397690449,0.031017476009215388,0.07672179085921031,0.2,0.2,0.0,0.1883003216749516,-0.12415016083747579,False
0,87,0.21549208540663356,-0.3558786783470659,0.5693835206339901,1.2136883566321928,1.633721982989729,0.0,0.031869806023095526,0.16898252399078462,-0.07672179085921031,-0.7597236037254333,-0.6046353578567505,0.8279606103897095,-0.18023604154586792,0.7228723764419556,0.6203174591064453,0.21549208540663356,-0.3558786783470659,0.5693835206339901,1.2136883566321928,1.633721982989729,0.0,0.0317263784505912,0.17156975249192963,-0.07594938925684032,0.1682736215494088,0.028430247508070376,0.07594938925684032,0.2,0.2,0.0,0.1902920197701921,-0.1450629908375013,False
0,88,0.21549208540663356,-0.3558786783470659,0.5693835206339901,1.2136883566321928,1.633721982989729,0.0,0.0317263784505912,0.17156975249192963,-0.07594938925684032,0.11806809157133102,-0.5404768586158752,0.6158589124679565,-0.0693526491522789,0.5777910947799683,-0.9141757488250732,0.21549208540663356,-0.3558786783470659,0.5693835206339901,1.2136883566321928,1.633721982989729,0.0,0.0317263784505912,0.17156975249192963,-0.07594938925684032,0.1682736215494088,0.028430247508070376,0.07594938925684032,0.2,0.2,0.0,0.1902920197701921,-0.12514600988509605,False
0,89,0.21549208540663356,-0.3558786783470659,0.5693835206339901,1.2136883566321928,1.633721982989729,0.0,0.0317263784505912,0.17156975249192963,-0.07594938925684032,-0.4264516234397888,-0.1316274255514145,-0.77340167760849,-0.5064827799797058,0.21859760582447052,0.4497072398662567,0.21549208540663356,-0.3558786783470659,0.5693835206339901,1.2136883566321928,1.633721982989729,0.0,0.030934362147784,0.17281068886767714,-0.07746755224302607,0.169065637852216,0.027189311132322883,0.07746755224302607,0.2,0.2,0.0,0.19188978763586492,-0.14192257247466056,False
0,90,0.21549208540663356,-0.3558786783470659,0.5693835206339901,1.2136883566321928,1.633721982989729,0.0,0.030934362147784,0.17281068886767714,-0.07746755224302607,-0.38188424706459045,-0.9614118337631226,-0.5395082831382751,0.3595745861530304,-0.9334955215454102,-0.9627124667167664,0.21549208540663356,-0.3558786783470659,0.5693835206339901,1.2136883566321928,1.633721982989729,0.0,0.019450213000242744,0.17855464251271336,-0.09602737663477735,0.18054978699975727,0.021445357487286654,0.09602737663477735,0.2,0.2,0.0,0.20366965461736086,-0.24963349712363983,False
0,91,0.21549208540663356,-0.3558786783470659,0.5693835206339901,1.2136883566321928,1.633721982989729,0.0,0.019450213000242744,0.17855464251271336,-0.09602737663477735,0.3706319332122803,0.28895410895347595,-0.43332239985466003,0.26917386054992676,-0.5665127038955688,0.01004446018487215,0.21549208540663356,-0.3558786783470659,0.5693835206339901,1.2136883566321928,1.633721982989729,0.0,0.01714833967646756,0.18303727915641038,-0.10527563819655926,0.18285166032353245,0.016962720843589643,0.10527563819655926,0.2,0.2,0.0,0.21184822659709487,-0.21770983309588757,False
0,92,0.21549208540663356,-0.3558786783470659,0.5693835206339901,1.2136883566321928,1.633721982989729,0.0,0.01714833967646756,0.18303727915641038,-0.10527563819655926,-0.9424071311950684,-0.08757605403661728,0.8611593842506409,0.6093648672103882,-0.9732707142829895,-0.8708020448684692,0.08192291949284854,-0.46585151343117404,0.45935268546869884,1.1646378129230044,1.6210962153036077,0.0,0.014964000024152851,0.18311135616723537,-0.10791324226114418,0.18503599997584716,0.01688864383276465,0.10791324226114418,0.2,0.2,0.0,0.21307031212592564,-0.1487560113512705,False
0,93,0.08192291949284854,-0.46585151343117404,0.45935268546869884,1.1646378129230044,1.6210962153036077,0.0,0.014964000024152851,0.18311135616723537,-0.10791324226114418,0.7724879384040833,-0.5508308410644531,-0.4788605570793152,0.20847630500793457,0.04882169887423515,0.7174417972564697,0.07348389727557447,-0.4537846728916498,0.451958784612539,1.1714069382610985,1.6108511252456323,0.0,0.014964000024152851,0.18311135616723537,-0.10791324226114418,0.18503599997584716,0.01688864383276465,0.10791324226114418,0.2,0.2,0.0,0.21307031212592564,-0.13653515606296282,False
0,94,0.07348389727557447,-0.4537846728916498,0.451958784612539,1.1714069382610985,1.6108511252456323,0.0,0.014964000024152851,0.18311135616723537,-0.10791324226114418,0.001514266012236476,0.6726797819137573,-0.06720821559429169,-0.01478681992739439,0.8882017135620117,-0.08430612832307816,0.07348389727557447,-0.4537846728916498,0.451958784612539,1.1714069382610985,1.6108511252456323,0.0,0.013840851434529455,0.18400856949509262,-0.11091648419095992,0.18615914856547056,0.0159914305049074,0.11091648419095992,0.2,0.2,0.0,0.21529790821405234,-0.15992491498829317,False
0,95,0.07348389727557447,-0.4537846728916498,0.451958784612539,1.1714069382610985,1.6108511252456323,0.0,0.013840851434529455,0.18400856949509262,-0.11091648419095992,-0.8995137214660645,0.6974291801452637,-0.5988240242004395,0.6839268207550049,0.7732567191123962,-0.4054012894630432,0.07004092527953719,-0.42527097586297186,0.4004726815675484,1.158179767013837,1.6494955337826596,0.0,0.009833711064726164,0.18539733044902287,-0.1116257207396364,0.19016628893527385,0.014602669550977127,0.1116257207396364,0.2,0.2,0.0,0.21663142325519627,-0.15165086203903744,False
0,96,0.07004092527953719,-0.42527097586297186,0.4004726815675484,1.158179767013837,1.6494955337826596,0.0,0.009833711064726164,0.18539733044902287,-0.1116257207396364,-0.6697317361831665,0.03146086633205414,-0.6646535396575928,0.05394114553928375,0.301251083612442,-0.715225338935852,0.06269794121725233,-0.4180035126595031,0.3889774761261007,1.160641593532256,1.6529381859936592,0.0,0.0006858379925457903,0.19732390758555413,-0.12199845107374253,0.19931416200745422,0.0026760924144458827,0.12199845107374253,0.2,0.2,0.0,0.23199313986188616,-0.299613735997842,False
0,97,0.06269794121725233,-0.4180035126595031,0.3889774761261007,1.160641593532256,1.6529381859936592,0.0,0.0006858379925457903,0.19732390758555413,-0.12199845107374253,0.047198910266160965,0.9428122639656067,-0.015716711059212685,-0.20144809782505035,-0.3934303820133209,0.8417160511016846,0.06269794121725233,-0.4180035126595031,0.3889774761261007,1.160641593532256,1.6529381859936592,0.0,0.0006858379925457903,0.19732390758555413,-0.12199845107374253,0.19931416200745422,0.0026760924144458827,0.12199845107374253,0.2,0.2,0.0,0.23199313986188616,-0.14599656993094307,False
0,98,0.06269794121725233,-0.4180035126595031,0.3889774761261007,1.160641593532256,1.6529381859936592,0.0,0.0006858379925457903,0.19732390758555413,-0.12199845107374253,-0.2711676061153412,0.36425742506980896,-0.7328841686248779,-0.01983538828790188,0.8792311549186707,0.751765251159668,-0.0024875798789564274,-0.402258619913055,0.3217774761607869,1.1457791821211145,1.6823215306374577,0.0,-0.0023051578001349604,0.202396625116028,-0.12631408770061175,0.20230515780013497,-0.002396625116027986,0.12631408770061175,0.2,0.2,0.0,0.2385895143598715,-0.21525850215978912,False
0,99,-0.0024875798789564274,-0.402258619913055,0.3217774761607869,1.1457791821211145,1.6823215306374577,0.0,-0.0023051578001349604,0.202396625116028,-0.12631408770061175,0.42846524715423584,0.029181163758039474,0.6609195470809937,0.20869722962379456,0.25888440012931824,0.44239261746406555,-0.012377253458330297,-0.3923330465352389,0.309020100987339,1.1422342346447718,1.6908381816208107,0.0,-0.0029597450491782584,0.2024598430120953,-0.12545460104353917,0.20295974504917827,-0.0024598430120952837,0.12545460104353917,0.2,0.2,0.0,0.238196568082397,-0.14516882126645358,False
